date,account,platform,followers
2026-10-02,10K Takes,Facebook,55463
2026-10-02,10K Takes,Instagram,61488
2026-10-02,10K Takes,YouTube,5930
2026-10-03,10K Takes,Facebook,55465
2026-10-03,10K Takes,Instagram,61494
2026-10-03,10K Takes,YouTube,5930
2026-10-04,10K Takes,YouTube,5930
2026-10-05,10K Howls,X/Twitter,2297
2026-10-05,10K Takes,X/Twitter,45899
2026-10-05,10K Takes,YouTube,5930
2026-10-05,Captain's Patch,X/Twitter,3201
2026-10-05,State of Skol,X/Twitter,1873
2026-10-05,The Underline,X/Twitter,653
2026-10-05,Wild Takes,X/Twitter,8467
