date,account,platform,metric,value
2026-10-07,10K Takes,Threads,engagements_7d,233
2026-10-07,10K Takes,Threads,views_7d,5747
2026-10-07,10K Takes,YouTube,engagements_total,13917
2026-10-07,10K Takes,YouTube,views_total,8051646
2026-10-08,10K Takes,Facebook,engagements_7d,35897
2026-10-08,10K Takes,Facebook,views_7d,666945
2026-10-08,10K Takes,Instagram,engagements_7d,23756
2026-10-08,10K Takes,Instagram,views_7d,469948
2026-10-08,10K Takes,Threads,engagements_7d,245
2026-10-08,10K Takes,Threads,views_7d,6250
2026-10-08,10K Takes,YouTube,engagements_total,13909
2026-10-08,10K Takes,YouTube,views_total,8051646
